Workbook

Sheet Data
A1: ID | B1: Names | C1: Gender | D1: Salutation | E1: Proper Name | F1: First Name | G1: Last Name | H1: Region | I1: PassingYear | J1: Price | K1: Payment Status | L1: TotalPoints | M1: Signup Device | N1: Streak | O1: Course Name | P1: DegreeCategories - DegreeCategoryId → Name | Q1: Total Collected
A2: 64576 | B2: Aarav Dutta | C2: Male | D2: =IF(C2="Male","Mr.","Ms.") -> Mr. | E2: =PROPER(D2&" " &B2) -> Mr. Aarav Dutta | F2: =IFERROR(__xludf.DUMMYFUNCTION("SPLIT(B2,"" "")"),"Aarav") -> Aarav | G2: =IFERROR(__xludf.DUMMYFUNCTION("""COMPUTED_VALUE"""),"Dutta") -> Dutta | H2: West | I2: 2022 | J2: =IF(OR(H2="North", H2="South"), 10000, 5000) -> 5000 | K2: Pending | L2: 108 | M2: Mobile | N2: 7 | O2: Competitive Coding | P2: BE / BTech - Non CS / IT | Q2: =SUMIFS(J:J, K:K, "Completed", P:P, P2) -> 430000
A3: 64578 | B3: Dev Joshi | C3: Male | D3: =IF(C3="Male","Mr.","Ms.") -> Mr. | E3: =CONCAT(D3,B3) -> Mr.Dev Joshi | F3: =IFERROR(__xludf.DUMMYFUNCTION("SPLIT(B3,"" "")"),"Dev") -> Dev | G3: =IFERROR(__xludf.DUMMYFUNCTION("""COMPUTED_VALUE"""),"Joshi") -> Joshi | H3: North | I3: 2020 | J3: =IF(OR(H3="North", H3="South"), 10000, 5000) -> 10000 | K3: Completed | L3: 23879 | M3: Mobile | N3: 40 | O3: Kickstarting Web Dev | P3: BCA / MCA | Q3: =SUMIFS(J:J, K:K, "Completed", P:P, P3) -> 400000
A4: 64580 | B4: Manya Sharma | C4: Male | D4: =IF(C4="Male","Mr.","Ms.") -> Mr. | E4: =TEXTJOIN(TRUE, A2,B2) -> Aarav Dutta | F4: =IFERROR(__xludf.DUMMYFUNCTION("SPLIT(B4,"" "")"),"Manya") -> Manya | G4: =IFERROR(__xludf.DUMMYFUNCTION("""COMPUTED_VALUE"""),"Sharma") -> Sharma | H4: West | I4: 2022 | J4: =IF(OR(H4="North", H4="South"), 10000, 5000) -> 5000 | K4: Completed | L4: 9454 | M4: Web | N4: 22 | O4: Competitive Coding | P4: BE / BTech - CS / IT | Q4: =SUMIFS(J:J, K:K, "Completed", P:P, P4) -> 910000
A5: 64582 | B5: Samarth Iyer | C5: Male | D5: =IF(C5="Male","Mr.","Ms.") -> Mr. | E5: =PROPER(D5&" " &B5) -> Mr. Samarth Iyer | F5: =IFERROR(__xludf.DUMMYFUNCTION("SPLIT(B5,"" "")"),"Samarth") -> Samarth | G5: =IFERROR(__xludf.DUMMYFUNCTION("""COMPUTED_VALUE"""),"Iyer") -> Iyer | H5: South | I5: 2019 | J5: =IF(OR(H5="North", H5="South"), 10000, 5000) -> 10000 | K5: Pending | L5: 0 | M5: Web | N5: 76 | O5: Kickstarting Web Dev | P5: BCA / MCA | Q5: =SUMIFS(J:J, K:K, "Completed", P:P, P5) -> 400000
A6: 64583 | B6: Mishka Jain | C6: Female | D6: =IF(C6="Male","Mr.","Ms.") -> Ms. | E6: =PROPER(D6&" " &B6) -> Ms. Mishka Jain | F6: =IFERROR(__xludf.DUMMYFUNCTION("SPLIT(B6,"" "")"),"Mishka") -> Mishka | G6: =IFERROR(__xludf.DUMMYFUNCTION("""COMPUTED_VALUE"""),"Jain") -> Jain | H6: North | I6: 2024 | J6: =IF(OR(H6="North", H6="South"), 10000, 5000) -> 10000 | K6: Pending | L6: 0 | M6: Web | N6: 19 | O6: Kickstarting Web Dev | P6: BCA / MCA | Q6: =SUMIFS(J:J, K:K, "Completed", P:P, P6) -> 400000
A7: 64584 | B7: Ira Naidu | C7: Female | D7: =IF(C7="Male","Mr.","Ms.") -> Ms. | E7: =PROPER(D7&" " &B7) -> Ms. Ira Naidu | F7: =IFERROR(__xludf.DUMMYFUNCTION("SPLIT(B7,"" "")"),"Ira") -> Ira | G7: =IFERROR(__xludf.DUMMYFUNCTION("""COMPUTED_VALUE"""),"Naidu") -> Naidu | H7: West | I7: 2023 | J7: =IF(OR(H7="North", H7="South"), 10000, 5000) -> 5000 | K7: Payment in Process | L7: 0 | M7: Mobile | N7: 2 | O7: Kickstarting Web Dev | P7: Non-Coding, Non Engineering | Q7: =SUMIFS(J:J, K:K, "Completed", P:P, P7) -> 635000 | U7: SUMIFS(sum_range, criteria_range1, criterion1,
A8: 64585 | B8: Aaryan Sinha | C8: Male | D8: =IF(C8="Male","Mr.","Ms.") -> Mr. | E8: =PROPER(D8&" " &B8) -> Mr. Aaryan Sinha | F8: =IFERROR(__xludf.DUMMYFUNCTION("SPLIT(B8,"" "")"),"Aaryan") -> Aaryan | G8: =IFERROR(__xludf.DUMMYFUNCTION("""COMPUTED_VALUE"""),"Sinha") -> Sinha | H8: South | I8: 2016 | J8: =IF(OR(H8="North", H8="South"), 10000, 5000) -> 10000 | K8: Completed | L8: 1618 | M8: Web | N8: 76 | O8: Data Structure and Algorithms | P8: Non-Coding, Non Engineering | Q8: =SUMIFS(J:J, K:K, "Completed", P:P, P8) -> 635000 | U8: criteria_range2, criterion2, ...)
A9: 64586 | B9: Arnav Nair | C9: Male | D9: =IF(C9="Male","Mr.","Ms.") -> Mr. | E9: =PROPER(D9&" " &B9) -> Mr. Arnav Nair | F9: =IFERROR(__xludf.DUMMYFUNCTION("SPLIT(B9,"" "")"),"Arnav") -> Arnav | G9: =IFERROR(__xludf.DUMMYFUNCTION("""COMPUTED_VALUE"""),"Nair") -> Nair | H9: North | I9: 2018 | J9: =IF(OR(H9="North", H9="South"), 10000, 5000) -> 10000 | K9: Completed | L9: 1698 | M9: Web | N9: 63 | O9: Competitive Coding | P9: BE / BTech - CS / IT | Q9: =SUMIFS(J:J, K:K, "Completed", P:P, P9) -> 910000
A10: 64588 | B10: Lavanya Pillai | C10: Female | D10: =IF(C10="Male","Mr.","Ms.") -> Ms. | E10: =PROPER(D10&" " &B10) -> Ms. Lavanya Pillai | F10: =IFERROR(__xludf.DUMMYFUNCTION("SPLIT(B10,"" "")"),"Lavanya") -> Lavanya | G10: =IFERROR(__xludf.DUMMYFUNCTION("""COMPUTED_VALUE"""),"Pillai") -> Pillai | H10: South | I10: 2025 | J10: =IF(OR(H10="North", H10="South"), 10000, 5000) -> 10000 | K10: Completed | L10: 33696 | M10: Web | N10: 59 | O10: Kickstarting Web Dev | P10: BE / BTech - CS / IT | Q10: =SUMIFS(J:J, K:K, "Completed", P:P, P10) -> 910000
A11: 64595 | B11: Aaryan Mehta | C11: Male | D11: =IF(C11="Male","Mr.","Ms.") -> Mr. | E11: =PROPER(D11&" " &B11) -> Mr. Aaryan Mehta | F11: =IFERROR(__xludf.DUMMYFUNCTION("SPLIT(B11,"" "")"),"Aaryan") -> Aaryan | G11: =IFERROR(__xludf.DUMMYFUNCTION("""COMPUTED_VALUE"""),"Mehta") -> Mehta | H11: East | I11: 2018 | J11: =IF(OR(H11="North", H11="South"), 10000, 5000) -> 5000 | K11: Pending | L11: 1026 | M11: Web | N11: 43 | O11: Competitive Coding | P11: Non-Coding, Non Engineering | Q11: =SUMIFS(J:J, K:K, "Completed", P:P, P11) -> 635000
A12: 64596 | B12: Diya Gupta | C12: Female | D12: =IF(C12="Male","Mr.","Ms.") -> Ms. | E12: =PROPER(D12&" " &B12) -> Ms. Diya Gupta | F12: =IFERROR(__xludf.DUMMYFUNCTION("SPLIT(B12,"" "")"),"Diya") -> Diya | G12: =IFERROR(__xludf.DUMMYFUNCTION("""COMPUTED_VALUE"""),"Gupta") -> Gupta | H12: West | I12: 2016 | J12: =IF(OR(H12="North", H12="South"), 10000, 5000) -> 5000 | K12: Payment in Process | L12: 0 | M12: Mobile | N12: 40 | O12: Data Structure and Algorithms | P12: BE / BTech - CS / IT | Q12: =SUMIFS(J:J, K:K, "Completed", P:P, P12) -> 910000
A13: 64599 | B13: Kian Mishra | C13: Male | D13: =IF(C13="Male","Mr.","Ms.") -> Mr. | E13: =PROPER(D13&" " &B13) -> Mr. Kian Mishra | F13: =IFERROR(__xludf.DUMMYFUNCTION("SPLIT(B13,"" "")"),"Kian") -> Kian | G13: =IFERROR(__xludf.DUMMYFUNCTION("""COMPUTED_VALUE"""),"Mishra") -> Mishra | H13: North | I13: 2025 | J13: =IF(OR(H13="North", H13="South"), 10000, 5000) -> 10000 | K13: Pending | L13: 0 | M13: Web | N13: 27 | O13: Kickstarting Web Dev | P13: Non-Coding, Non Engineering | Q13: =SUMIFS(J:J, K:K, "Completed", P:P, P13) -> 635000
A14: 64600 | B14: Ayaan Kapoor | C14: Male | D14: =IF(C14="Male","Mr.","Ms.") -> Mr. | E14: =PROPER(D14&" " &B14) -> Mr. Ayaan Kapoor | F14: =IFERROR(__xludf.DUMMYFUNCTION("SPLIT(B14,"" "")"),"Ayaan") -> Ayaan | G14: =IFERROR(__xludf.DUMMYFUNCTION("""COMPUTED_VALUE"""),"Kapoor") -> Kapoor | H14: North | I14: 2024 | J14: =IF(OR(H14="North", H14="South"), 10000, 5000) -> 10000 | K14: Pending | L14: 0 | M14: Mobile | N14: =RANDBETWEEN(0,10) -> 2 | O14: Kickstarting Web Dev | P14: BE / BTech - CS / IT | Q14: =SUMIFS(J:J, K:K, "Completed", P:P, P14) -> 910000
A15: 64601 | B15: Manya Malik | C15: Female | D15: =IF(C15="Male","Mr.","Ms.") -> Ms. | E15: =PROPER(D15&" " &B15) -> Ms. Manya Malik | F15: =IFERROR(__xludf.DUMMYFUNCTION("SPLIT(B15,"" "")"),"Manya") -> Manya | G15: =IFERROR(__xludf.DUMMYFUNCTION("""COMPUTED_VALUE"""),"Malik") -> Malik | H15: North | I15: 2021 | J15: =IF(OR(H15="North", H15="South"), 10000, 5000) -> 10000 | K15: Pending | L15: 389 | M15: Mobile | N15: 70 | O15: Kickstarting Web Dev | P15: Non-Coding, Non Engineering | Q15: =SUMIFS(J:J, K:K, "Completed", P:P, P15) -> 635000
A16: 64602 | B16: Laksh Dutta | C16: Male | D16: =IF(C16="Male","Mr.","Ms.") -> Mr. | E16: =PROPER(D16&" " &B16) -> Mr. Laksh Dutta | F16: =IFERROR(__xludf.DUMMYFUNCTION("SPLIT(B16,"" "")"),"Laksh") -> Laksh | G16: =IFERROR(__xludf.DUMMYFUNCTION("""COMPUTED_VALUE"""),"Dutta") -> Dutta | H16: North | I16: 2026 | J16: =IF(OR(H16="North", H16="South"), 10000, 5000) -> 10000 | K16: Completed | L16: 1660 | M16: Mobile | N16: 18 | O16: Data Structure and Algorithms | P16: Non-Coding, Non Engineering | Q16: =SUMIFS(J:J, K:K, "Completed", P:P, P16) -> 635000
A17: 64603 | B17: Aaradhya Sharma | C17: Female | D17: =IF(C17="Male","Mr.","Ms.") -> Ms. | E17: =PROPER(D17&" " &B17) -> Ms. Aaradhya Sharma | F17: =IFERROR(__xludf.DUMMYFUNCTION("SPLIT(B17,"" "")"),"Aaradhya") -> Aaradhya | G17: =IFERROR(__xludf.DUMMYFUNCTION("""COMPUTED_VALUE"""),"Sharma") -> Sharma | H17: East | I17: 2023 | J17: =IF(OR(H17="North", H17="South"), 10000, 5000) -> 5000 | K17: Pending | L17: 0 | M17: Mobile | N17: 50 | O17: Kickstarting Web Dev | P17: Non-Coding, Non Engineering | Q17: =SUMIFS(J:J, K:K, "Completed", P:P, P17) -> 635000
A18: 64604 | B18: Ira Joshi | C18: Female | D18: =IF(C18="Male","Mr.","Ms.") -> Ms. | E18: =PROPER(D18&" " &B18) -> Ms. Ira Joshi | F18: =IFERROR(__xludf.DUMMYFUNCTION("SPLIT(B18,"" "")"),"Ira") -> Ira | G18: =IFERROR(__xludf.DUMMYFUNCTION("""COMPUTED_VALUE"""),"Joshi") -> Joshi | H18: East | I18: 2026 | J18: =IF(OR(H18="North", H18="South"), 10000, 5000) -> 5000 | K18: Pending | L18: 250 | M18: Mobile | N18: =RANDBETWEEN(0,10) -> 7 | O18: Data Structure and Algorithms | P18: BE / BTech - CS / IT | Q18: =SUMIFS(J:J, K:K, "Completed", P:P, P18) -> 910000
A19: 64605 | B19: Samarth Nair | C19: Male | D19: =IF(C19="Male","Mr.","Ms.") -> Mr. | E19: =PROPER(D19&" " &B19) -> Mr. Samarth Nair | F19: =IFERROR(__xludf.DUMMYFUNCTION("SPLIT(B19,"" "")"),"Samarth") -> Samarth | G19: =IFERROR(__xludf.DUMMYFUNCTION("""COMPUTED_VALUE"""),"Nair") -> Nair | H19: South | I19: 2017 | J19: =IF(OR(H19="North", H19="South"), 10000, 5000) -> 10000 | K19: Completed | L19: 4902 | M19: Web | N19: 21 | O19: Competitive Coding | P19: BE / BTech - CS / IT | Q19: =SUMIFS(J:J, K:K, "Completed", P:P, P19) -> 910000
A20: 64606 | B20: Sai Singh | C20: Male | D20: =IF(C20="Male","Mr.","Ms.") -> Mr. | E20: =PROPER(D20&" " &B20) -> Mr. Sai Singh | F20: =IFERROR(__xludf.DUMMYFUNCTION("SPLIT(B20,"" "")"),"Sai") -> Sai | G20: =IFERROR(__xludf.DUMMYFUNCTION("""COMPUTED_VALUE"""),"Singh") -> Singh | H20: East | I20: 2026 | J20: =IF(OR(H20="North", H20="South"), 10000, 5000) -> 5000 | K20: Completed | L20: 2589 | M20: Mobile | N20: =RANDBETWEEN(0,10) -> 2 | O20: Data Structure and Algorithms | P20: Non-Coding, Non Engineering | Q20: =SUMIFS(J:J, K:K, "Completed", P:P, P20) -> 635000
A21: 64607 | B21: Dev Sharma | C21: Male | D21: =IF(C21="Male","Mr.","Ms.") -> Mr. | E21: =PROPER(D21&" " &B21) -> Mr. Dev Sharma | F21: =IFERROR(__xludf.DUMMYFUNCTION("SPLIT(B21,"" "")"),"Dev") -> Dev | G21: =IFERROR(__xludf.DUMMYFUNCTION("""COMPUTED_VALUE"""),"Sharma") -> Sharma | H21: North | I21: 2025 | J21: =IF(OR(H21="North", H21="South"), 10000, 5000) -> 10000 | K21: Pending | L21: 0 | M21: Mobile | N21: =RANDBETWEEN(0,10) -> 9 | O21: Kickstarting Web Dev | P21: Non-Coding, Non Engineering | Q21: =SUMIFS(J:J, K:K, "Completed", P:P, P21) -> 635000
A22: 64608 | B22: Vihaan Pillai | C22: Male | D22: =IF(C22="Male","Mr.","Ms.") -> Mr. | E22: =PROPER(D22&" " &B22) -> Mr. Vihaan Pillai | F22: =IFERROR(__xludf.DUMMYFUNCTION("SPLIT(B22,"" "")"),"Vihaan") -> Vihaan | G22: =IFERROR(__xludf.DUMMYFUNCTION("""COMPUTED_VALUE"""),"Pillai") -> Pillai | H22: North | I22: 2024 | J22: =IF(OR(H22="North", H22="South"), 10000, 5000) -> 10000 | K22: Pending | L22: 424 | M22: Mobile | N22: 54 | O22: Competitive Coding | P22: BCA / MCA | Q22: =SUMIFS(J:J, K:K, "Completed", P:P, P22) -> 400000
A23: 64609 | B23: Manya Pillai | C23: Female | D23: =IF(C23="Male","Mr.","Ms.") -> Ms. | E23: =PROPER(D23&" " &B23) -> Ms. Manya Pillai | F23: =IFERROR(__xludf.DUMMYFUNCTION("SPLIT(B23,"" "")"),"Manya") -> Manya | G23: =IFERROR(__xludf.DUMMYFUNCTION("""COMPUTED_VALUE"""),"Pillai") -> Pillai | H23: North | I23: 2021 | J23: =IF(OR(H23="North", H23="South"), 10000, 5000) -> 10000 | K23: Pending | L23: 0 | M23: Mobile | N23: 33 | O23: Kickstarting Web Dev | P23: Non-Coding, Non Engineering | Q23: =SUMIFS(J:J, K:K, "Completed", P:P, P23) -> 635000
A24: 64610 | B24: Om Thakur | C24: Male | D24: =IF(C24="Male","Mr.","Ms.") -> Mr. | E24: =PROPER(D24&" " &B24) -> Mr. Om Thakur | F24: =IFERROR(__xludf.DUMMYFUNCTION("SPLIT(B24,"" "")"),"Om") -> Om | G24: =IFERROR(__xludf.DUMMYFUNCTION("""COMPUTED_VALUE"""),"Thakur") -> Thakur | H24: North | I24: 2023 | J24: =IF(OR(H24="North", H24="South"), 10000, 5000) -> 10000 | K24: Completed | L24: 18697 | M24: Web | N24: 16 | O24: Competitive Coding | P24: Non-Coding, Non Engineering | Q24: =SUMIFS(J:J, K:K, "Completed", P:P, P24) -> 635000
A25: 64611 | B25: Naira Rao | C25: Female | D25: =IF(C25="Male","Mr.","Ms.") -> Ms. | E25: =PROPER(D25&" " &B25) -> Ms. Naira Rao | F25: =IFERROR(__xludf.DUMMYFUNCTION("SPLIT(B25,"" "")"),"Naira") -> Naira | G25: =IFERROR(__xludf.DUMMYFUNCTION("""COMPUTED_VALUE"""),"Rao") -> Rao | H25: West | I25: 2023 | J25: =IF(OR(H25="North", H25="South"), 10000, 5000) -> 5000 | K25: Pending | L25: 0 | M25: Mobile | N25: 47 | O25: Kickstarting Web Dev | P25: BE / BTech - CS / IT | Q25: =SUMIFS(J:J, K:K, "Completed", P:P, P25) -> 910000
A26: 64612 | B26: Aarohi Reddy | C26: Female | D26: =IF(C26="Male","Mr.","Ms.") -> Ms. | E26: =PROPER(D26&" " &B26) -> Ms. Aarohi Reddy | F26: =IFERROR(__xludf.DUMMYFUNCTION("SPLIT(B26,"" "")"),"Aarohi") -> Aarohi | G26: =IFERROR(__xludf.DUMMYFUNCTION("""COMPUTED_VALUE"""),"Reddy") -> Reddy | H26: North | I26: 2022 | J26: =IF(OR(H26="North", H26="South"), 10000, 5000) -> 10000 | K26: Pending | L26: 0 | M26: Mobile | N26: 65 | O26: Kickstarting Web Dev | P26: Non-Coding, Non Engineering | Q26: =SUMIFS(J:J, K:K, "Completed", P:P, P26) -> 635000
A27: 64613 | B27: Anvi Verma | C27: Female | D27: =IF(C27="Male","Mr.","Ms.") -> Ms. | E27: =PROPER(D27&" " &B27) -> Ms. Anvi Verma | F27: =IFERROR(__xludf.DUMMYFUNCTION("SPLIT(B27,"" "")"),"Anvi") -> Anvi | G27: =IFERROR(__xludf.DUMMYFUNCTION("""COMPUTED_VALUE"""),"Verma") -> Verma | H27: West | I27: 2025 | J27: =IF(OR(H27="North", H27="South"), 10000, 5000) -> 5000 | K27: Pending | L27: 0 | M27: Mobile | N27: 46 | O27: Kickstarting Web Dev | P27: BCA / MCA | Q27: =SUMIFS(J:J, K:K, "Completed", P:P, P27) -> 400000
A28: 64614 | B28: Tara Sinha | C28: Female | D28: =IF(C28="Male","Mr.","Ms.") -> Ms. | E28: =PROPER(D28&" " &B28) -> Ms. Tara Sinha | F28: =IFERROR(__xludf.DUMMYFUNCTION("SPLIT(B28,"" "")"),"Tara") -> Tara | G28: =IFERROR(__xludf.DUMMYFUNCTION("""COMPUTED_VALUE"""),"Sinha") -> Sinha | H28: South | I28: 2026 | J28: =IF(OR(H28="North", H28="South"), 10000, 5000) -> 10000 | K28: Pending | L28: 0 | M28: Mobile | N28: =RANDBETWEEN(0,10) -> 6 | O28: Kickstarting Web Dev | P28: BE / BTech - Non CS / IT | Q28: =SUMIFS(J:J, K:K, "Completed", P:P, P28) -> 430000
A29: 64618 | B29: Vihaan Jain | C29: Male | D29: =IF(C29="Male","Mr.","Ms.") -> Mr. | E29: =PROPER(D29&" " &B29) -> Mr. Vihaan Jain | F29: =IFERROR(__xludf.DUMMYFUNCTION("SPLIT(B29,"" "")"),"Vihaan") -> Vihaan | G29: =IFERROR(__xludf.DUMMYFUNCTION("""COMPUTED_VALUE"""),"Jain") -> Jain | H29: West | I29: 2023 | J29: =IF(OR(H29="North", H29="South"), 10000, 5000) -> 5000 | K29: Pending | L29: 0 | M29: Mobile | N29: 55 | O29: Kickstarting Web Dev | P29: BE / BTech - CS / IT | Q29: =SUMIFS(J:J, K:K, "Completed", P:P, P29) -> 910000
A30: 64619 | B30: Diya Sharma | C30: Female | D30: =IF(C30="Male","Mr.","Ms.") -> Ms. | E30: =PROPER(D30&" " &B30) -> Ms. Diya Sharma | F30: =IFERROR(__xludf.DUMMYFUNCTION("SPLIT(B30,"" "")"),"Diya") -> Diya | G30: =IFERROR(__xludf.DUMMYFUNCTION("""COMPUTED_VALUE"""),"Sharma") -> Sharma | H30: South | I30: 2026 | J30: =IF(OR(H30="North", H30="South"), 10000, 5000) -> 10000 | K30: Completed | L30: 12779 | M30: Mobile | N30: 75 | O30: Kickstarting Web Dev | P30: BE / BTech - CS / IT | Q30: =SUMIFS(J:J, K:K, "Completed", P:P, P30) -> 910000
A31: 64620 | B31: Vivaan Reddy | C31: Male | D31: =IF(C31="Male","Mr.","Ms.") -> Mr. | E31: =PROPER(D31&" " &B31) -> Mr. Vivaan Reddy | F31: =IFERROR(__xludf.DUMMYFUNCTION("SPLIT(B31,"" "")"),"Vivaan") -> Vivaan | G31: =IFERROR(__xludf.DUMMYFUNCTION("""COMPUTED_VALUE"""),"Reddy") -> Reddy | H31: North | I31: 2023 | J31: =IF(OR(H31="North", H31="South"), 10000, 5000) -> 10000 | K31: Pending | L31: 265 | M31: Mobile | N31: 28 | O31: Data Structure and Algorithms | P31: BE / BTech - CS / IT | Q31: =SUMIFS(J:J, K:K, "Completed", P:P, P31) -> 910000
A32: 64621 | B32: Saanvi Naidu | C32: Female | D32: =IF(C32="Male","Mr.","Ms.") -> Ms. | E32: =PROPER(D32&" " &B32) -> Ms. Saanvi Naidu | F32: =IFERROR(__xludf.DUMMYFUNCTION("SPLIT(B32,"" "")"),"Saanvi") -> Saanvi | G32: =IFERROR(__xludf.DUMMYFUNCTION("""COMPUTED_VALUE"""),"Naidu") -> Naidu | H32: East | I32: 2025 | J32: =IF(OR(H32="North", H32="South"), 10000, 5000) -> 5000 | K32: Pending | L32: 0 | M32: Mobile | N32: =RANDBETWEEN(0,10) -> 5 | O32: Kickstarting Web Dev | P32: Non-Coding, Non Engineering | Q32: =SUMIFS(J:J, K:K, "Completed", P:P, P32) -> 635000
A33: 64622 | B33: Riddhi Malik | C33: Female | D33: =IF(C33="Male","Mr.","Ms.") -> Ms. | E33: =PROPER(D33&" " &B33) -> Ms. Riddhi Malik | F33: =IFERROR(__xludf.DUMMYFUNCTION("SPLIT(B33,"" "")"),"Riddhi") -> Riddhi | G33: =IFERROR(__xludf.DUMMYFUNCTION("""COMPUTED_VALUE"""),"Malik") -> Malik | H33: North | I33: 2024 | J33: =IF(OR(H33="North", H33="South"), 10000, 5000) -> 10000 | K33: Completed | L33: 9147 | M33: Mobile | N33: 60 | O33: Kickstarting Web Dev | P33: Non-Coding, Non Engineering | Q33: =SUMIFS(J:J, K:K, "Completed", P:P, P33) -> 635000
A34: 64624 | B34: Aaryan Bhatt | C34: Male | D34: =IF(C34="Male","Mr.","Ms.") -> Mr. | E34: =PROPER(D34&" " &B34) -> Mr. Aaryan Bhatt | F34: =IFERROR(__xludf.DUMMYFUNCTION("SPLIT(B34,"" "")"),"Aaryan") -> Aaryan | G34: =IFERROR(__xludf.DUMMYFUNCTION("""COMPUTED_VALUE"""),"Bhatt") -> Bhatt | H34: East | I34: 2019 | J34: =IF(OR(H34="North", H34="South"), 10000, 5000) -> 5000 | K34: Payment in Process | L34: 0 | M34: Mobile | N34: 64 | O34: Data Structure and Algorithms | P34: Non-Coding, Non Engineering | Q34: =SUMIFS(J:J, K:K, "Completed", P:P, P34) -> 635000
A35: 64625 | B35: Charvi Bhatt | C35: Female | D35: =IF(C35="Male","Mr.","Ms.") -> Ms. | E35: =PROPER(D35&" " &B35) -> Ms. Charvi Bhatt | F35: =IFERROR(__xludf.DUMMYFUNCTION("SPLIT(B35,"" "")"),"Charvi") -> Charvi | G35: =IFERROR(__xludf.DUMMYFUNCTION("""COMPUTED_VALUE"""),"Bhatt") -> Bhatt | H35: South | I35: 2026 | J35: =IF(OR(H35="North", H35="South"), 10000, 5000) -> 10000 | K35: Completed | L35: 6964 | M35: Mobile | N35: 62 | O35: Data Structure and Algorithms | P35: Non-Coding, Non Engineering | Q35: =SUMIFS(J:J, K:K, "Completed", P:P, P35) -> 635000
A36: 64626 | B36: Aryan Nair | C36: Male | D36: =IF(C36="Male","Mr.","Ms.") -> Mr. | E36: =PROPER(D36&" " &B36) -> Mr. Aryan Nair | F36: =IFERROR(__xludf.DUMMYFUNCTION("SPLIT(B36,"" "")"),"Aryan") -> Aryan | G36: =IFERROR(__xludf.DUMMYFUNCTION("""COMPUTED_VALUE"""),"Nair") -> Nair | H36: East | I36: 2022 | J36: =IF(OR(H36="North", H36="South"), 10000, 5000) -> 5000 | K36: Completed | L36: 10827 | M36: Mobile | N36: 29 | O36: Data Structure and Algorithms | P36: BCA / MCA | Q36: =SUMIFS(J:J, K:K, "Completed", P:P, P36) -> 400000
A37: 64627 | B37: Aaryan Kumar | C37: Male | D37: =IF(C37="Male","Mr.","Ms.") -> Mr. | E37: =PROPER(D37&" " &B37) -> Mr. Aaryan Kumar | F37: =IFERROR(__xludf.DUMMYFUNCTION("SPLIT(B37,"" "")"),"Aaryan") -> Aaryan | G37: =IFERROR(__xludf.DUMMYFUNCTION("""COMPUTED_VALUE"""),"Kumar") -> Kumar | H37: West | I37: 2024 | J37: =IF(OR(H37="North", H37="South"), 10000, 5000) -> 5000 | K37: Pending | L37: 0 | M37: Mobile | N37: 49 | O37: Data Structure and Algorithms | P37: Non-Coding, Non Engineering | Q37: =SUMIFS(J:J, K:K, "Completed", P:P, P37) -> 635000
A38: 64628 | B38: Samarth Kapoor | C38: Male | D38: =IF(C38="Male","Mr.","Ms.") -> Mr. | E38: =PROPER(D38&" " &B38) -> Mr. Samarth Kapoor | F38: =IFERROR(__xludf.DUMMYFUNCTION("SPLIT(B38,"" "")"),"Samarth") -> Samarth | G38: =IFERROR(__xludf.DUMMYFUNCTION("""COMPUTED_VALUE"""),"Kapoor") -> Kapoor | H38: West | I38: 2021 | J38: =IF(OR(H38="North", H38="South"), 10000, 5000) -> 5000 | K38: Pending | L38: 0 | M38: Mobile | N38: 14 | O38: Data Structure and Algorithms | P38: BCA / MCA | Q38: =SUMIFS(J:J, K:K, "Completed", P:P, P38) -> 400000
A39: 64629 | B39: Gauri Chopra | C39: Female | D39: =IF(C39="Male","Mr.","Ms.") -> Ms. | E39: =PROPER(D39&" " &B39) -> Ms. Gauri Chopra | F39: =IFERROR(__xludf.DUMMYFUNCTION("SPLIT(B39,"" "")"),"Gauri") -> Gauri | G39: =IFERROR(__xludf.DUMMYFUNCTION("""COMPUTED_VALUE"""),"Chopra") -> Chopra | H39: West | I39: 2024 | J39: =IF(OR(H39="North", H39="South"), 10000, 5000) -> 5000 | K39: Completed | L39: 24189 | M39: Web | N39: 67 | O39: Competitive Coding | P39: BE / BTech - CS / IT | Q39: =SUMIFS(J:J, K:K, "Completed", P:P, P39) -> 910000
A40: 64630 | B40: Vivaan Singh | C40: Male | D40: =IF(C40="Male","Mr.","Ms.") -> Mr. | E40: =PROPER(D40&" " &B40) -> Mr. Vivaan Singh | F40: =IFERROR(__xludf.DUMMYFUNCTION("SPLIT(B40,"" "")"),"Vivaan") -> Vivaan | G40: =IFERROR(__xludf.DUMMYFUNCTION("""COMPUTED_VALUE"""),"Singh") -> Singh | H40: South | I40: 2018 | J40: =IF(OR(H40="North", H40="South"), 10000, 5000) -> 10000 | K40: Pending | L40: 4106 | M40: Web | N40: 54 | O40: Competitive Coding | P40: BCA / MCA | Q40: =SUMIFS(J:J, K:K, "Completed", P:P, P40) -> 400000
A41: 64631 | B41: Vanya Malik | C41: Female | D41: =IF(C41="Male","Mr.","Ms.") -> Ms. | E41: =PROPER(D41&" " &B41) -> Ms. Vanya Malik | F41: =IFERROR(__xludf.DUMMYFUNCTION("SPLIT(B41,"" "")"),"Vanya") -> Vanya | G41: =IFERROR(__xludf.DUMMYFUNCTION("""COMPUTED_VALUE"""),"Malik") -> Malik | H41: West | I41: 2026 | J41: =IF(OR(H41="North", H41="South"), 10000, 5000) -> 5000 | K41: Pending | L41: 0 | M41: Web | N41: =RANDBETWEEN(0,10) -> 0 | O41: Data Structure and Algorithms | P41: Non-Coding, Non Engineering | Q41: =SUMIFS(J:J, K:K, "Completed", P:P, P41) -> 635000
A42: 64632 | B42: Ira Gupta | C42: Female | D42: =IF(C42="Male","Mr.","Ms.") -> Ms. | E42: =PROPER(D42&" " &B42) -> Ms. Ira Gupta | F42: =IFERROR(__xludf.DUMMYFUNCTION("SPLIT(B42,"" "")"),"Ira") -> Ira | G42: =IFERROR(__xludf.DUMMYFUNCTION("""COMPUTED_VALUE"""),"Gupta") -> Gupta | H42: West | I42: 2026 | J42: =IF(OR(H42="North", H42="South"), 10000, 5000) -> 5000 | K42: Pending | L42: 0 | M42: Mobile | N42: 80 | O42: Data Structure and Algorithms | P42: Diploma | Q42: =SUMIFS(J:J, K:K, "Completed", P:P, P42) -> 255000
A43: 64633 | B43: Laksh Kulkarni | C43: Male | D43: =IF(C43="Male","Mr.","Ms.") -> Mr. | E43: =PROPER(D43&" " &B43) -> Mr. Laksh Kulkarni | F43: =IFERROR(__xludf.DUMMYFUNCTION("SPLIT(B43,"" "")"),"Laksh") -> Laksh | G43: =IFERROR(__xludf.DUMMYFUNCTION("""COMPUTED_VALUE"""),"Kulkarni") -> Kulkarni | H43: South | I43: 2027 | J43: =IF(OR(H43="North", H43="South"), 10000, 5000) -> 10000 | K43: Completed | L43: 2180 | M43: Mobile | N43: 0 | O43: Data Structure and Algorithms | P43: BE / BTech - CS / IT | Q43: =SUMIFS(J:J, K:K, "Completed", P:P, P43) -> 910000
A44: 64634 | B44: Atharv Singh | C44: Male | D44: =IF(C44="Male","Mr.","Ms.") -> Mr. | E44: =PROPER(D44&" " &B44) -> Mr. Atharv Singh | F44: =IFERROR(__xludf.DUMMYFUNCTION("SPLIT(B44,"" "")"),"Atharv") -> Atharv | G44: =IFERROR(__xludf.DUMMYFUNCTION("""COMPUTED_VALUE"""),"Singh") -> Singh | H44: North | I44: 2026 | J44: =IF(OR(H44="North", H44="South"), 10000, 5000) -> 10000 | K44: Pending | L44: 0 | M44: Mobile | N44: =RANDBETWEEN(0,10) -> 0 | O44: Data Structure and Algorithms | P44: BE / BTech - CS / IT | Q44: =SUMIFS(J:J, K:K, "Completed", P:P, P44) -> 910000
A45: 64635 | B45: Saanvi Kulkarni | C45: Female | D45: =IF(C45="Male","Mr.","Ms.") -> Ms. | E45: =PROPER(D45&" " &B45) -> Ms. Saanvi Kulkarni | F45: =IFERROR(__xludf.DUMMYFUNCTION("SPLIT(B45,"" "")"),"Saanvi") -> Saanvi | G45: =IFERROR(__xludf.DUMMYFUNCTION("""COMPUTED_VALUE"""),"Kulkarni") -> Kulkarni | H45: South | I45: 2017 | J45: =IF(OR(H45="North", H45="South"), 10000, 5000) -> 10000 | K45: Completed | L45: 17593 | M45: Mobile | N45: =RANDBETWEEN(0,10) -> 10 | O45: Data Structure and Algorithms | P45: BCA / MCA | Q45: =SUMIFS(J:J, K:K, "Completed", P:P, P45) -> 400000
A46: 64636 | B46: Vanya Nair | C46: Female | D46: =IF(C46="Male","Mr.","Ms.") -> Ms. | E46: =PROPER(D46&" " &B46) -> Ms. Vanya Nair | F46: =IFERROR(__xludf.DUMMYFUNCTION("SPLIT(B46,"" "")"),"Vanya") -> Vanya | G46: =IFERROR(__xludf.DUMMYFUNCTION("""COMPUTED_VALUE"""),"Nair") -> Nair | H46: North | I46: 2027 | J46: =IF(OR(H46="North", H46="South"), 10000, 5000) -> 10000 | K46: Pending | L46: 0 | M46: Mobile | N46: 0 | O46: Data Structure and Algorithms | P46: BE / BTech - CS / IT | Q46: =SUMIFS(J:J, K:K, "Completed", P:P, P46) -> 910000
A47: 64637 | B47: Aarohi Gupta | C47: Female | D47: =IF(C47="Male","Mr.","Ms.") -> Ms. | E47: =PROPER(D47&" " &B47) -> Ms. Aarohi Gupta | F47: =IFERROR(__xludf.DUMMYFUNCTION("SPLIT(B47,"" "")"),"Aarohi") -> Aarohi | G47: =IFERROR(__xludf.DUMMYFUNCTION("""COMPUTED_VALUE"""),"Gupta") -> Gupta | H47: North | I47: 2026 | J47: =IF(OR(H47="North", H47="South"), 10000, 5000) -> 10000 | K47: Completed | L47: 12568 | M47: Mobile | N47: =RANDBETWEEN(0,10) -> 10 | O47: Data Structure and Algorithms | P47: Non-Coding, Non Engineering | Q47: =SUMIFS(J:J, K:K, "Completed", P:P, P47) -> 635000
A48: 64638 | B48: Siya Jain | C48: Female | D48: =IF(C48="Male","Mr.","Ms.") -> Ms. | E48: =PROPER(D48&" " &B48) -> Ms. Siya Jain | F48: =IFERROR(__xludf.DUMMYFUNCTION("SPLIT(B48,"" "")"),"Siya") -> Siya | G48: =IFERROR(__xludf.DUMMYFUNCTION("""COMPUTED_VALUE"""),"Jain") -> Jain | H48: West | I48: 2025 | J48: =IF(OR(H48="North", H48="South"), 10000, 5000) -> 5000 | K48: Pending | L48: 0 | M48: Mobile | N48: 26 | O48: Data Structure and Algorithms | P48: BCA / MCA | Q48: =SUMIFS(J:J, K:K, "Completed", P:P, P48) -> 400000
A49: 64639 | B49: Sai Malik | C49: Male | D49: =IF(C49="Male","Mr.","Ms.") -> Mr. | E49: =PROPER(D49&" " &B49) -> Mr. Sai Malik | F49: =IFERROR(__xludf.DUMMYFUNCTION("SPLIT(B49,"" "")"),"Sai") -> Sai | G49: =IFERROR(__xludf.DUMMYFUNCTION("""COMPUTED_VALUE"""),"Malik") -> Malik | H49: South | I49: 2023 | J49: =IF(OR(H49="North", H49="South"), 10000, 5000) -> 10000 | K49: Pending | L49: 0 | M49: Mobile | N49: =RANDBETWEEN(0,10) -> 10 | O49: Data Structure and Algorithms | P49: BCA / MCA | Q49: =SUMIFS(J:J, K:K, "Completed", P:P, P49) -> 400000
A50: 64640 | B50: Harsh Desai | C50: Male | D50: =IF(C50="Male","Mr.","Ms.") -> Mr. | E50: =PROPER(D50&" " &B50) -> Mr. Harsh Desai | F50: =IFERROR(__xludf.DUMMYFUNCTION("SPLIT(B50,"" "")"),"Harsh") -> Harsh | G50: =IFERROR(__xludf.DUMMYFUNCTION("""COMPUTED_VALUE"""),"Desai") -> Desai | H50: East | I50: 2026 | J50: =IF(OR(H50="North", H50="South"), 10000, 5000) -> 5000 | K50: Pending | L50: 0 | M50: Mobile | N50: 64 | O50: Data Structure and Algorithms | P50: BCA / MCA | Q50: =SUMIFS(J:J, K:K, "Completed", P:P, P50) -> 400000
A51: 64641 | B51: Om Reddy | C51: Male | D51: =IF(C51="Male","Mr.","Ms.") -> Mr. | E51: =PROPER(D51&" " &B51) -> Mr. Om Reddy | F51: =IFERROR(__xludf.DUMMYFUNCTION("SPLIT(B51,"" "")"),"Om") -> Om | G51: =IFERROR(__xludf.DUMMYFUNCTION("""COMPUTED_VALUE"""),"Reddy") -> Reddy | H51: East | I51: 2022 | J51: =IF(OR(H51="North", H51="South"), 10000, 5000) -> 5000 | K51: Completed | L51: 2482 | M51: Mobile | N51: 43 | O51: Data Structure and Algorithms | P51: BE / BTech - CS / IT | Q51: =SUMIFS(J:J, K:K, "Completed", P:P, P51) -> 910000
A52: 64643 | B52: Diya Sinha | C52: Female | D52: =IF(C52="Male","Mr.","Ms.") -> Ms. | E52: =PROPER(D52&" " &B52) -> Ms. Diya Sinha | F52: =IFERROR(__xludf.DUMMYFUNCTION("SPLIT(B52,"" "")"),"Diya") -> Diya | G52: =IFERROR(__xludf.DUMMYFUNCTION("""COMPUTED_VALUE"""),"Sinha") -> Sinha | H52: North | I52: 2028 | J52: =IF(OR(H52="North", H52="South"), 10000, 5000) -> 10000 | K52: Pending | L52: 0 | M52: Mobile | N52: =RANDBETWEEN(0,10) -> 5 | O52: Data Structure and Algorithms | P52: BCA / MCA | Q52: =SUMIFS(J:J, K:K, "Completed", P:P, P52) -> 400000
A53: 64644 | B53: Harsh Verma | C53: Male | D53: =IF(C53="Male","Mr.","Ms.") -> Mr. | E53: =PROPER(D53&" " &B53) -> Mr. Harsh Verma | F53: =IFERROR(__xludf.DUMMYFUNCTION("SPLIT(B53,"" "")"),"Harsh") -> Harsh | G53: =IFERROR(__xludf.DUMMYFUNCTION("""COMPUTED_VALUE"""),"Verma") -> Verma | H53: South | I53: 2025 | J53: =IF(OR(H53="North", H53="South"), 10000, 5000) -> 10000 | K53: Completed | L53: 5819 | M53: Mobile | N53: =RANDBETWEEN(0,10) -> 4 | O53: Data Structure and Algorithms | P53: Non-Coding, Non Engineering | Q53: =SUMIFS(J:J, K:K, "Completed", P:P, P53) -> 635000
A54: 64645 | B54: Mahira Gupta | C54: Female | D54: =IF(C54="Male","Mr.","Ms.") -> Ms. | E54: =PROPER(D54&" " &B54) -> Ms. Mahira Gupta | F54: =IFERROR(__xludf.DUMMYFUNCTION("SPLIT(B54,"" "")"),"Mahira") -> Mahira | G54: =IFERROR(__xludf.DUMMYFUNCTION("""COMPUTED_VALUE"""),"Gupta") -> Gupta | H54: North | I54: 2024 | J54: =IF(OR(H54="North", H54="South"), 10000, 5000) -> 10000 | K54: Completed | L54: 3622 | M54: Mobile | N54: =RANDBETWEEN(0,10) -> 10 | O54: Competitive Coding | P54: Diploma | Q54: =SUMIFS(J:J, K:K, "Completed", P:P, P54) -> 255000
A55: 64647 | B55: Prisha Reddy | C55: Female | D55: =IF(C55="Male","Mr.","Ms.") -> Ms. | E55: =PROPER(D55&" " &B55) -> Ms. Prisha Reddy | F55: =IFERROR(__xludf.DUMMYFUNCTION("SPLIT(B55,"" "")"),"Prisha") -> Prisha | G55: =IFERROR(__xludf.DUMMYFUNCTION("""COMPUTED_VALUE"""),"Reddy") -> Reddy | H55: South | I55: 2025 | J55: =IF(OR(H55="North", H55="South"), 10000, 5000) -> 10000 | K55: Pending | L55: 5730 | M55: Mobile | N55: 12 | O55: Competitive Coding | P55: Non-Coding, Non Engineering | Q55: =SUMIFS(J:J, K:K, "Completed", P:P, P55) -> 635000
A56: 64648 | B56: Naira Bhat | C56: Female | D56: =IF(C56="Male","Mr.","Ms.") -> Ms. | E56: =PROPER(D56&" " &B56) -> Ms. Naira Bhat | F56: =IFERROR(__xludf.DUMMYFUNCTION("SPLIT(B56,"" "")"),"Naira") -> Naira | G56: =IFERROR(__xludf.DUMMYFUNCTION("""COMPUTED_VALUE"""),"Bhat") -> Bhat | H56: South | I56: 2028 | J56: =IF(OR(H56="North", H56="South"), 10000, 5000) -> 10000 | K56: Pending | L56: 0 | M56: Mobile | N56: =RANDBETWEEN(0,10) -> 8 | O56: Data Structure and Algorithms | P56: BE / BTech - CS / IT | Q56: =SUMIFS(J:J, K:K, "Completed", P:P, P56) -> 910000
A57: 64649 | B57: Inaaya Mishra | C57: Female | D57: =IF(C57="Male","Mr.","Ms.") -> Ms. | E57: =PROPER(D57&" " &B57) -> Ms. Inaaya Mishra | F57: =IFERROR(__xludf.DUMMYFUNCTION("SPLIT(B57,"" "")"),"Inaaya") -> Inaaya | G57: =IFERROR(__xludf.DUMMYFUNCTION("""COMPUTED_VALUE"""),"Mishra") -> Mishra | H57: South | I57: 2022 | J57: =IF(OR(H57="North", H57="South"), 10000, 5000) -> 10000 | K57: Pending | L57: 228 | M57: Mobile | N57: =RANDBETWEEN(0,10) -> 5 | O57: Competitive Coding | P57: Diploma | Q57: =SUMIFS(J:J, K:K, "Completed", P:P, P57) -> 255000
A58: 64650 | B58: Kabir Thakur | C58: Male | D58: =IF(C58="Male","Mr.","Ms.") -> Mr. | E58: =PROPER(D58&" " &B58) -> Mr. Kabir Thakur | F58: =IFERROR(__xludf.DUMMYFUNCTION("SPLIT(B58,"" "")"),"Kabir") -> Kabir | G58: =IFERROR(__xludf.DUMMYFUNCTION("""COMPUTED_VALUE"""),"Thakur") -> Thakur | H58: North | I58: 2027 | J58: =IF(OR(H58="North", H58="South"), 10000, 5000) -> 10000 | K58: Pending | L58: 1830 | M58: Mobile | N58: 33 | O58: Data Structure and Algorithms | P58: BCA / MCA | Q58: =SUMIFS(J:J, K:K, "Completed", P:P, P58) -> 400000
A59: 64651 | B59: Gauri Patel | C59: Female | D59: =IF(C59="Male","Mr.","Ms.") -> Ms. | E59: =PROPER(D59&" " &B59) -> Ms. Gauri Patel | F59: =IFERROR(__xludf.DUMMYFUNCTION("SPLIT(B59,"" "")"),"Gauri") -> Gauri | G59: =IFERROR(__xludf.DUMMYFUNCTION("""COMPUTED_VALUE"""),"Patel") -> Patel | H59: North | I59: 2025 | J59: =IF(OR(H59="North", H59="South"), 10000, 5000) -> 10000 | K59: Completed | L59: 15621 | M59: Mobile | N59: 57 | O59: Data Structure and Algorithms | P59: BE / BTech - CS / IT | Q59: =SUMIFS(J:J, K:K, "Completed", P:P, P59) -> 910000
A60: 64652 | B60: Atharv Prasad | C60: Male | D60: =IF(C60="Male","Mr.","Ms.") -> Mr. | E60: =PROPER(D60&" " &B60) -> Mr. Atharv Prasad | F60: =IFERROR(__xludf.DUMMYFUNCTION("SPLIT(B60,"" "")"),"Atharv") -> Atharv | G60: =IFERROR(__xludf.DUMMYFUNCTION("""COMPUTED_VALUE"""),"Prasad") -> Prasad | H60: West | I60: 2025 | J60: =IF(OR(H60="North", H60="South"), 10000, 5000) -> 5000 | K60: Completed | L60: 1645 | M60: Mobile | N60: =RANDBETWEEN(0,10) -> 0 | O60: Data Structure and Algorithms | P60: Non-Coding, Non Engineering | Q60: =SUMIFS(J:J, K:K, "Completed", P:P, P60) -> 635000
A61: 64653 | B61: Kabir Nair | C61: Male | D61: =IF(C61="Male","Mr.","Ms.") -> Mr. | E61: =PROPER(D61&" " &B61) -> Mr. Kabir Nair | F61: =IFERROR(__xludf.DUMMYFUNCTION("SPLIT(B61,"" "")"),"Kabir") -> Kabir | G61: =IFERROR(__xludf.DUMMYFUNCTION("""COMPUTED_VALUE"""),"Nair") -> Nair | H61: East | I61: 2021 | J61: =IF(OR(H61="North", H61="South"), 10000, 5000) -> 5000 | K61: Pending | L61: 0 | M61: Mobile | N61: 63 | O61: Data Structure and Algorithms | P61: BE / BTech - Non CS / IT | Q61: =SUMIFS(J:J, K:K, "Completed", P:P, P61) -> 430000
A62: 64654 | B62: Kyra Verma | C62: Female | D62: =IF(C62="Male","Mr.","Ms.") -> Ms. | E62: =PROPER(D62&" " &B62) -> Ms. Kyra Verma | F62: =IFERROR(__xludf.DUMMYFUNCTION("SPLIT(B62,"" "")"),"Kyra") -> Kyra | G62: =IFERROR(__xludf.DUMMYFUNCTION("""COMPUTED_VALUE"""),"Verma") -> Verma | H62: East | I62: 2026 | J62: =IF(OR(H62="North", H62="South"), 10000, 5000) -> 5000 | K62: Pending | L62: 276 | M62: Mobile | N62: 40 | O62: Data Structure and Algorithms | P62: BE / BTech - CS / IT | Q62: =SUMIFS(J:J, K:K, "Completed", P:P, P62) -> 910000
A63: 64656 | B63: Myra Dutta | C63: Female | D63: =IF(C63="Male","Mr.","Ms.") -> Ms. | E63: =PROPER(D63&" " &B63) -> Ms. Myra Dutta | F63: =IFERROR(__xludf.DUMMYFUNCTION("SPLIT(B63,"" "")"),"Myra") -> Myra | G63: =IFERROR(__xludf.DUMMYFUNCTION("""COMPUTED_VALUE"""),"Dutta") -> Dutta | H63: North | I63: 2022 | J63: =IF(OR(H63="North", H63="South"), 10000, 5000) -> 10000 | K63: Completed | L63: 18304 | M63: Mobile | N63: 47 | O63: Data Structure and Algorithms | P63: BE / BTech - CS / IT | Q63: =SUMIFS(J:J, K:K, "Completed", P:P, P63) -> 910000
A64: 64657 | B64: Samarth Jain | C64: Male | D64: =IF(C64="Male","Mr.","Ms.") -> Mr. | E64: =PROPER(D64&" " &B64) -> Mr. Samarth Jain | F64: =IFERROR(__xludf.DUMMYFUNCTION("SPLIT(B64,"" "")"),"Samarth") -> Samarth | G64: =IFERROR(__xludf.DUMMYFUNCTION("""COMPUTED_VALUE"""),"Jain") -> Jain | H64: South | I64: 2022 | J64: =IF(OR(H64="North", H64="South"), 10000, 5000) -> 10000 | K64: Completed | L64: 22555 | M64: Mobile | N64: =RANDBETWEEN(0,10) -> 9 | O64: Data Structure and Algorithms | P64: BE / BTech - CS / IT | Q64: =SUMIFS(J:J, K:K, "Completed", P:P, P64) -> 910000
A65: 64658 | B65: Krishna Thakur | C65: Male | D65: =IF(C65="Male","Mr.","Ms.") -> Mr. | E65: =PROPER(D65&" " &B65) -> Mr. Krishna Thakur | F65: =IFERROR(__xludf.DUMMYFUNCTION("SPLIT(B65,"" "")"),"Krishna") -> Krishna | G65: =IFERROR(__xludf.DUMMYFUNCTION("""COMPUTED_VALUE"""),"Thakur") -> Thakur | H65: South | I65: 2025 | J65: =IF(OR(H65="North", H65="South"), 10000, 5000) -> 10000 | K65: Pending | L65: 0 | M65: Mobile | N65: 7 | O65: Data Structure and Algorithms | P65: BE / BTech - CS / IT | Q65: =SUMIFS(J:J, K:K, "Completed", P:P, P65) -> 910000
A66: 64659 | B66: Aarohi Sharma | C66: Female | D66: =IF(C66="Male","Mr.","Ms.") -> Ms. | E66: =PROPER(D66&" " &B66) -> Ms. Aarohi Sharma | F66: =IFERROR(__xludf.DUMMYFUNCTION("SPLIT(B66,"" "")"),"Aarohi") -> Aarohi | G66: =IFERROR(__xludf.DUMMYFUNCTION("""COMPUTED_VALUE"""),"Sharma") -> Sharma | H66: East | I66: 2027 | J66: =IF(OR(H66="North", H66="South"), 10000, 5000) -> 5000 | K66: Pending | L66: 0 | M66: Mobile | N66: 39 | O66: Data Structure and Algorithms | P66: BE / BTech - Non CS / IT | Q66: =SUMIFS(J:J, K:K, "Completed", P:P, P66) -> 430000
A67: 64660 | B67: Anaya Singh | C67: Female | D67: =IF(C67="Male","Mr.","Ms.") -> Ms. | E67: =PROPER(D67&" " &B67) -> Ms. Anaya Singh | F67: =IFERROR(__xludf.DUMMYFUNCTION("SPLIT(B67,"" "")"),"Anaya") -> Anaya | G67: =IFERROR(__xludf.DUMMYFUNCTION("""COMPUTED_VALUE"""),"Singh") -> Singh | H67: West | I67: 2017 | J67: =IF(OR(H67="North", H67="South"), 10000, 5000) -> 5000 | K67: Pending | L67: 0 | M67: Mobile | N67: 3 | O67: Data Structure and Algorithms | P67: Non-Coding, Non Engineering | Q67: =SUMIFS(J:J, K:K, "Completed", P:P, P67) -> 635000
A68: 64661 | B68: Shaurya Pillai | C68: Male | D68: =IF(C68="Male","Mr.","Ms.") -> Mr. | E68: =PROPER(D68&" " &B68) -> Mr. Shaurya Pillai | F68: =IFERROR(__xludf.DUMMYFUNCTION("SPLIT(B68,"" "")"),"Shaurya") -> Shaurya | G68: =IFERROR(__xludf.DUMMYFUNCTION("""COMPUTED_VALUE"""),"Pillai") -> Pillai | H68: East | I68: 2017 | J68: =IF(OR(H68="North", H68="South"), 10000, 5000) -> 5000 | K68: Completed | L68: 6434 | M68: Mobile | N68: 70 | O68: Data Structure and Algorithms | P68: BE / BTech - Non CS / IT | Q68: =SUMIFS(J:J, K:K, "Completed", P:P, P68) -> 430000
A69: 64662 | B69: Aryan Reddy | C69: Male | D69: =IF(C69="Male","Mr.","Ms.") -> Mr. | E69: =PROPER(D69&" " &B69) -> Mr. Aryan Reddy | F69: =IFERROR(__xludf.DUMMYFUNCTION("SPLIT(B69,"" "")"),"Aryan") -> Aryan | G69: =IFERROR(__xludf.DUMMYFUNCTION("""COMPUTED_VALUE"""),"Reddy") -> Reddy | H69: West | I69: 2024 | J69: =IF(OR(H69="North", H69="South"), 10000, 5000) -> 5000 | K69: Pending | L69: 2816 | M69: Mobile | N69: 22 | O69: Competitive Coding | P69: Diploma | Q69: =SUMIFS(J:J, K:K, "Completed", P:P, P69) -> 255000
A70: 64663 | B70: Vanya Bhatt | C70: Female | D70: =IF(C70="Male","Mr.","Ms.") -> Ms. | E70: =PROPER(D70&" " &B70) -> Ms. Vanya Bhatt | F70: =IFERROR(__xludf.DUMMYFUNCTION("SPLIT(B70,"" "")"),"Vanya") -> Vanya | G70: =IFERROR(__xludf.DUMMYFUNCTION("""COMPUTED_VALUE"""),"Bhatt") -> Bhatt | H70: West | I70: 2023 | J70: =IF(OR(H70="North", H70="South"), 10000, 5000) -> 5000 | K70: Pending | L70: 0 | M70: Mobile | N70: 22 | O70: Competitive Coding | P70: BE / BTech - Non CS / IT | Q70: =SUMIFS(J:J, K:K, "Completed", P:P, P70) -> 430000
A71: 64664 | B71: Aarohi Malik | C71: Female | D71: =IF(C71="Male","Mr.","Ms.") -> Ms. | E71: =PROPER(D71&" " &B71) -> Ms. Aarohi Malik | F71: =IFERROR(__xludf.DUMMYFUNCTION("SPLIT(B71,"" "")"),"Aarohi") -> Aarohi | G71: =IFERROR(__xludf.DUMMYFUNCTION("""COMPUTED_VALUE"""),"Malik") -> Malik | H71: South | I71: 2025 | J71: =IF(OR(H71="North", H71="South"), 10000, 5000) -> 10000 | K71: Pending | L71: 0 | M71: Mobile | N71: 18 | O71: Data Structure and Algorithms | P71: BE / BTech - CS / IT | Q71: =SUMIFS(J:J, K:K, "Completed", P:P, P71) -> 910000
A72: 64665 | B72: Vihaan Kulkarni | C72: Male | D72: =IF(C72="Male","Mr.","Ms.") -> Mr. | E72: =PROPER(D72&" " &B72) -> Mr. Vihaan Kulkarni | F72: =IFERROR(__xludf.DUMMYFUNCTION("SPLIT(B72,"" "")"),"Vihaan") -> Vihaan | G72: =IFERROR(__xludf.DUMMYFUNCTION("""COMPUTED_VALUE"""),"Kulkarni") -> Kulkarni | H72: North | I72: 2027 | J72: =IF(OR(H72="North", H72="South"), 10000, 5000) -> 10000 | K72: Pending | L72: 0 | M72: Mobile | N72: 77 | O72: Data Structure and Algorithms | P72: Diploma | Q72: =SUMIFS(J:J, K:K, "Completed", P:P, P72) -> 255000
A73: 64666 | B73: Vihaan Reddy | C73: Male | D73: =IF(C73="Male","Mr.","Ms.") -> Mr. | E73: =PROPER(D73&" " &B73) -> Mr. Vihaan Reddy | F73: =IFERROR(__xludf.DUMMYFUNCTION("SPLIT(B73,"" "")"),"Vihaan") -> Vihaan | G73: =IFERROR(__xludf.DUMMYFUNCTION("""COMPUTED_VALUE"""),"Reddy") -> Reddy | H73: West | I73: 2025 | J73: =IF(OR(H73="North", H73="South"), 10000, 5000) -> 5000 | K73: Pending | L73: 0 | M73: Mobile | N73: 39 | O73: Data Structure and Algorithms | P73: BE / BTech - CS / IT | Q73: =SUMIFS(J:J, K:K, "Completed", P:P, P73) -> 910000
A74: 64667 | B74: Vihaan Rao | C74: Male | D74: =IF(C74="Male","Mr.","Ms.") -> Mr. | E74: =PROPER(D74&" " &B74) -> Mr. Vihaan Rao | F74: =IFERROR(__xludf.DUMMYFUNCTION("SPLIT(B74,"" "")"),"Vihaan") -> Vihaan | G74: =IFERROR(__xludf.DUMMYFUNCTION("""COMPUTED_VALUE"""),"Rao") -> Rao | H74: North | I74: 2028 | J74: =IF(OR(H74="North", H74="South"), 10000, 5000) -> 10000 | K74: Pending | L74: 0 | M74: Mobile | N74: 56 | O74: Data Structure and Algorithms | P74: BE / BTech - Non CS / IT | Q74: =SUMIFS(J:J, K:K, "Completed", P:P, P74) -> 430000
A75: 64669 | B75: Shaurya Mishra | C75: Male | D75: =IF(C75="Male","Mr.","Ms.") -> Mr. | E75: =PROPER(D75&" " &B75) -> Mr. Shaurya Mishra | F75: =IFERROR(__xludf.DUMMYFUNCTION("SPLIT(B75,"" "")"),"Shaurya") -> Shaurya | G75: =IFERROR(__xludf.DUMMYFUNCTION("""COMPUTED_VALUE"""),"Mishra") -> Mishra | H75: West | I75: 2025 | J75: =IF(OR(H75="North", H75="South"), 10000, 5000) -> 5000 | K75: Pending | L75: 0 | M75: Web | N75: =RANDBETWEEN(0,10) -> 1 | O75: Data Structure and Algorithms | P75: BE / BTech - CS / IT | Q75: =SUMIFS(J:J, K:K, "Completed", P:P, P75) -> 910000
A76: 64670 | B76: Vivaan Sharma | C76: Male | D76: =IF(C76="Male","Mr.","Ms.") -> Mr. | E76: =PROPER(D76&" " &B76) -> Mr. Vivaan Sharma | F76: =IFERROR(__xludf.DUMMYFUNCTION("SPLIT(B76,"" "")"),"Vivaan") -> Vivaan | G76: =IFERROR(__xludf.DUMMYFUNCTION("""COMPUTED_VALUE"""),"Sharma") -> Sharma | H76: North | I76: 2026 | J76: =IF(OR(H76="North", H76="South"), 10000, 5000) -> 10000 | K76: Pending | L76: 1630 | M76: Mobile | N76: 66 | O76: Data Structure and Algorithms | P76: Non-Coding, Non Engineering | Q76: =SUMIFS(J:J, K:K, "Completed", P:P, P76) -> 635000
A77: 64671 | B77: Raghav Iyer | C77: Male | D77: =IF(C77="Male","Mr.","Ms.") -> Mr. | E77: =PROPER(D77&" " &B77) -> Mr. Raghav Iyer | F77: =IFERROR(__xludf.DUMMYFUNCTION("SPLIT(B77,"" "")"),"Raghav") -> Raghav | G77: =IFERROR(__xludf.DUMMYFUNCTION("""COMPUTED_VALUE"""),"Iyer") -> Iyer | H77: South | I77: 2017 | J77: =IF(OR(H77="North", H77="South"), 10000, 5000) -> 10000 | K77: Completed | L77: 19473 | M77: Mobile | N77: 7 | O77: Competitive Coding | P77: Non-Coding, Non Engineering | Q77: =SUMIFS(J:J, K:K, "Completed", P:P, P77) -> 635000
A78: 64672 | B78: Siya Desai | C78: Female | D78: =IF(C78="Male","Mr.","Ms.") -> Ms. | E78: =PROPER(D78&" " &B78) -> Ms. Siya Desai | F78: =IFERROR(__xludf.DUMMYFUNCTION("SPLIT(B78,"" "")"),"Siya") -> Siya | G78: =IFERROR(__xludf.DUMMYFUNCTION("""COMPUTED_VALUE"""),"Desai") -> Desai | H78: West | I78: 2022 | J78: =IF(OR(H78="North", H78="South"), 10000, 5000) -> 5000 | K78: Completed | L78: 16356 | M78: Mobile | N78: 70 | O78: Data Structure and Algorithms | P78: BCA / MCA | Q78: =SUMIFS(J:J, K:K, "Completed", P:P, P78) -> 400000
A79: 64673 | B79: Kian Agarwal | C79: Male | D79: =IF(C79="Male","Mr.","Ms.") -> Mr. | E79: =PROPER(D79&" " &B79) -> Mr. Kian Agarwal | F79: =IFERROR(__xludf.DUMMYFUNCTION("SPLIT(B79,"" "")"),"Kian") -> Kian | G79: =IFERROR(__xludf.DUMMYFUNCTION("""COMPUTED_VALUE"""),"Agarwal") -> Agarwal | H79: South | I79: 2025 | J79: =IF(OR(H79="North", H79="South"), 10000, 5000) -> 10000 | K79: Pending | L79: 0 | M79: Mobile | N79: 69 | O79: Data Structure and Algorithms | P79: BE / BTech - CS / IT | Q79: =SUMIFS(J:J, K:K, "Completed", P:P, P79) -> 910000
A80: 64677 | B80: Ira Thakur | C80: Female | D80: =IF(C80="Male","Mr.","Ms.") -> Ms. | E80: =PROPER(D80&" " &B80) -> Ms. Ira Thakur | F80: =IFERROR(__xludf.DUMMYFUNCTION("SPLIT(B80,"" "")"),"Ira") -> Ira | G80: =IFERROR(__xludf.DUMMYFUNCTION("""COMPUTED_VALUE"""),"Thakur") -> Thakur | H80: South | I80: 2021 | J80: =IF(OR(H80="North", H80="South"), 10000, 5000) -> 10000 | K80: Pending | L80: 0 | M80: Web | N80: 27 | O80: Data Structure and Algorithms | P80: BE / BTech - CS / IT | Q80: =SUMIFS(J:J, K:K, "Completed", P:P, P80) -> 910000
A81: 64680 | B81: Aarohi Chopra | C81: Female | D81: =IF(C81="Male","Mr.","Ms.") -> Ms. | E81: =PROPER(D81&" " &B81) -> Ms. Aarohi Chopra | F81: =IFERROR(__xludf.DUMMYFUNCTION("SPLIT(B81,"" "")"),"Aarohi") -> Aarohi | G81: =IFERROR(__xludf.DUMMYFUNCTION("""COMPUTED_VALUE"""),"Chopra") -> Chopra | H81: South | I81: 2024 | J81: =IF(OR(H81="North", H81="South"), 10000, 5000) -> 10000 | K81: Completed | L81: 16692 | M81: Mobile | N81: 34 | O81: Competitive Coding | P81: BE / BTech - CS / IT | Q81: =SUMIFS(J:J, K:K, "Completed", P:P, P81) -> 910000
A82: 64681 | B82: Vivaan Patel | C82: Male | D82: =IF(C82="Male","Mr.","Ms.") -> Mr. | E82: =PROPER(D82&" " &B82) -> Mr. Vivaan Patel | F82: =IFERROR(__xludf.DUMMYFUNCTION("SPLIT(B82,"" "")"),"Vivaan") -> Vivaan | G82: =IFERROR(__xludf.DUMMYFUNCTION("""COMPUTED_VALUE"""),"Patel") -> Patel | H82: South | I82: 2027 | J82: =IF(OR(H82="North", H82="South"), 10000, 5000) -> 10000 | K82: Pending | L82: 4885 | M82: Mobile | N82: 40 | O82: Data Structure and Algorithms | P82: Non-Coding, Non Engineering | Q82: =SUMIFS(J:J, K:K, "Completed", P:P, P82) -> 635000
A83: 64682 | B83: Siya Joshi | C83: Female | D83: =IF(C83="Male","Mr.","Ms.") -> Ms. | E83: =PROPER(D83&" " &B83) -> Ms. Siya Joshi | F83: =IFERROR(__xludf.DUMMYFUNCTION("SPLIT(B83,"" "")"),"Siya") -> Siya | G83: =IFERROR(__xludf.DUMMYFUNCTION("""COMPUTED_VALUE"""),"Joshi") -> Joshi | H83: West | I83: 2020 | J83: =IF(OR(H83="North", H83="South"), 10000, 5000) -> 5000 | K83: Completed | L83: 2770 | M83: Mobile | N83: 8 | O83: Data Structure and Algorithms | P83: BE / BTech - Non CS / IT | Q83: =SUMIFS(J:J, K:K, "Completed", P:P, P83) -> 430000
A84: 64683 | B84: Siddharth Iyer | C84: Male | D84: =IF(C84="Male","Mr.","Ms.") -> Mr. | E84: =PROPER(D84&" " &B84) -> Mr. Siddharth Iyer | F84: =IFERROR(__xludf.DUMMYFUNCTION("SPLIT(B84,"" "")"),"Siddharth") -> Siddharth | G84: =IFERROR(__xludf.DUMMYFUNCTION("""COMPUTED_VALUE"""),"Iyer") -> Iyer | H84: North | I84: 2023 | J84: =IF(OR(H84="North", H84="South"), 10000, 5000) -> 10000 | K84: Pending | L84: 0 | M84: Mobile | N84: 51 | O84: Data Structure and Algorithms | P84: BE / BTech - CS / IT | Q84: =SUMIFS(J:J, K:K, "Completed", P:P, P84) -> 910000
A85: 64684 | B85: Manya Desai | C85: Female | D85: =IF(C85="Male","Mr.","Ms.") -> Ms. | E85: =PROPER(D85&" " &B85) -> Ms. Manya Desai | F85: =IFERROR(__xludf.DUMMYFUNCTION("SPLIT(B85,"" "")"),"Manya") -> Manya | G85: =IFERROR(__xludf.DUMMYFUNCTION("""COMPUTED_VALUE"""),"Desai") -> Desai | H85: North | I85: 2019 | J85: =IF(OR(H85="North", H85="South"), 10000, 5000) -> 10000 | K85: Pending | L85: 0 | M85: Mobile | N85: =RANDBETWEEN(0,10) -> 5 | O85: Data Structure and Algorithms | P85: Diploma | Q85: =SUMIFS(J:J, K:K, "Completed", P:P, P85) -> 255000
A86: 64685 | B86: Eva Sinha | C86: Female | D86: =IF(C86="Male","Mr.","Ms.") -> Ms. | E86: =PROPER(D86&" " &B86) -> Ms. Eva Sinha | F86: =IFERROR(__xludf.DUMMYFUNCTION("SPLIT(B86,"" "")"),"Eva") -> Eva | G86: =IFERROR(__xludf.DUMMYFUNCTION("""COMPUTED_VALUE"""),"Sinha") -> Sinha | H86: West | I86: 2026 | J86: =IF(OR(H86="North", H86="South"), 10000, 5000) -> 5000 | K86: Pending | L86: 3220 | M86: Web | N86: 71 | O86: Data Structure and Algorithms | P86: BCA / MCA | Q86: =SUMIFS(J:J, K:K, "Completed", P:P, P86) -> 400000
A87: 64686 | B87: Aaryan Nair | C87: Male | D87: =IF(C87="Male","Mr.","Ms.") -> Mr. | E87: =PROPER(D87&" " &B87) -> Mr. Aaryan Nair | F87: =IFERROR(__xludf.DUMMYFUNCTION("SPLIT(B87,"" "")"),"Aaryan") -> Aaryan | G87: =IFERROR(__xludf.DUMMYFUNCTION("""COMPUTED_VALUE"""),"Nair") -> Nair | H87: North | I87: 2026 | J87: =IF(OR(H87="North", H87="South"), 10000, 5000) -> 10000 | K87: Completed | L87: 24483 | M87: Mobile | N87: 2 | O87: Data Structure and Algorithms | P87: Non-Coding, Non Engineering | Q87: =SUMIFS(J:J, K:K, "Completed", P:P, P87) -> 635000
A88: 64687 | B88: Avni Verma | C88: Female | D88: =IF(C88="Male","Mr.","Ms.") -> Ms. | E88: =PROPER(D88&" " &B88) -> Ms. Avni Verma | F88: =IFERROR(__xludf.DUMMYFUNCTION("SPLIT(B88,"" "")"),"Avni") -> Avni | G88: =IFERROR(__xludf.DUMMYFUNCTION("""COMPUTED_VALUE"""),"Verma") -> Verma | H88: East | I88: 2025 | J88: =IF(OR(H88="North", H88="South"), 10000, 5000) -> 5000 | K88: Pending | L88: 0 | M88: Mobile | N88: 40 | O88: Data Structure and Algorithms | P88: Diploma | Q88: =SUMIFS(J:J, K:K, "Completed", P:P, P88) -> 255000
A89: 64690 | B89: Raghav Patel | C89: Male | D89: =IF(C89="Male","Mr.","Ms.") -> Mr. | E89: =PROPER(D89&" " &B89) -> Mr. Raghav Patel | F89: =IFERROR(__xludf.DUMMYFUNCTION("SPLIT(B89,"" "")"),"Raghav") -> Raghav | G89: =IFERROR(__xludf.DUMMYFUNCTION("""COMPUTED_VALUE"""),"Patel") -> Patel | H89: South | I89: 2024 | J89: =IF(OR(H89="North", H89="South"), 10000, 5000) -> 10000 | K89: Pending | L89: 0 | M89: Mobile | N89: =RANDBETWEEN(0,10) -> 7 | O89: Data Structure and Algorithms | P89: BE / BTech - Non CS / IT | Q89: =SUMIFS(J:J, K:K, "Completed", P:P, P89) -> 430000
A90: 64691 | B90: Raghav Thakur | C90: Male | D90: =IF(C90="Male","Mr.","Ms.") -> Mr. | E90: =PROPER(D90&" " &B90) -> Mr. Raghav Thakur | F90: =IFERROR(__xludf.DUMMYFUNCTION("SPLIT(B90,"" "")"),"Raghav") -> Raghav | G90: =IFERROR(__xludf.DUMMYFUNCTION("""COMPUTED_VALUE"""),"Thakur") -> Thakur | H90: North | I90: 2019 | J90: =IF(OR(H90="North", H90="South"), 10000, 5000) -> 10000 | K90: Completed | L90: 22524 | M90: Web | N90: 4 | O90: Competitive Coding | P90: BE / BTech - CS / IT | Q90: =SUMIFS(J:J, K:K, "Completed", P:P, P90) -> 910000
A91: 64692 | B91: Raghav Chowdhury | C91: Male | D91: =IF(C91="Male","Mr.","Ms.") -> Mr. | E91: =PROPER(D91&" " &B91) -> Mr. Raghav Chowdhury | F91: =IFERROR(__xludf.DUMMYFUNCTION("SPLIT(B91,"" "")"),"Raghav") -> Raghav | G91: =IFERROR(__xludf.DUMMYFUNCTION("""COMPUTED_VALUE"""),"Chowdhury") -> Chowdhury | H91: South | I91: 2024 | J91: =IF(OR(H91="North", H91="South"), 10000, 5000) -> 10000 | K91: Pending | L91: 0 | M91: Web | N91: 68 | O91: Data Structure and Algorithms | P91: Diploma | Q91: =SUMIFS(J:J, K:K, "Completed", P:P, P91) -> 255000
A92: 64693 | B92: Ira Kapoor | C92: Female | D92: =IF(C92="Male","Mr.","Ms.") -> Ms. | E92: =PROPER(D92&" " &B92) -> Ms. Ira Kapoor | F92: =IFERROR(__xludf.DUMMYFUNCTION("SPLIT(B92,"" "")"),"Ira") -> Ira | G92: =IFERROR(__xludf.DUMMYFUNCTION("""COMPUTED_VALUE"""),"Kapoor") -> Kapoor | H92: South | I92: 2023 | J92: =IF(OR(H92="North", H92="South"), 10000, 5000) -> 10000 | K92: Completed | L92: 1422 | M92: Web | N92: =RANDBETWEEN(0,10) -> 3 | O92: Competitive Coding | P92: Non-Coding, Non Engineering | Q92: =SUMIFS(J:J, K:K, "Completed", P:P, P92) -> 635000
A93: 64698 | B93: Aditya Chowdhury | C93: Male | D93: =IF(C93="Male","Mr.","Ms.") -> Mr. | E93: =PROPER(D93&" " &B93) -> Mr. Aditya Chowdhury | F93: =IFERROR(__xludf.DUMMYFUNCTION("SPLIT(B93,"" "")"),"Aditya") -> Aditya | G93: =IFERROR(__xludf.DUMMYFUNCTION("""COMPUTED_VALUE"""),"Chowdhury") -> Chowdhury | H93: East | I93: 2026 | J93: =IF(OR(H93="North", H93="South"), 10000, 5000) -> 5000 | K93: Pending | L93: 0 | M93: Mobile | N93: =RANDBETWEEN(0,10) -> 2 | O93: Data Structure and Algorithms | P93: BE / BTech - Non CS / IT | Q93: =SUMIFS(J:J, K:K, "Completed", P:P, P93) -> 430000
A94: 64699 | B94: Aditya Naidu | C94: Male | D94: =IF(C94="Male","Mr.","Ms.") -> Mr. | E94: =PROPER(D94&" " &B94) -> Mr. Aditya Naidu | F94: =IFERROR(__xludf.DUMMYFUNCTION("SPLIT(B94,"" "")"),"Aditya") -> Aditya | G94: =IFERROR(__xludf.DUMMYFUNCTION("""COMPUTED_VALUE"""),"Naidu") -> Naidu | H94: East | I94: 2023 | J94: =IF(OR(H94="North", H94="South"), 10000, 5000) -> 5000 | K94: Pending | L94: 228 | M94: Mobile | N94: =RANDBETWEEN(0,10) -> 3 | O94: Competitive Coding | P94: BE / BTech - Non CS / IT | Q94: =SUMIFS(J:J, K:K, "Completed", P:P, P94) -> 430000
A95: 64700 | B95: Arjun Naidu | C95: Male | D95: =IF(C95="Male","Mr.","Ms.") -> Mr. | E95: =PROPER(D95&" " &B95) -> Mr. Arjun Naidu | F95: =IFERROR(__xludf.DUMMYFUNCTION("SPLIT(B95,"" "")"),"Arjun") -> Arjun | G95: =IFERROR(__xludf.DUMMYFUNCTION("""COMPUTED_VALUE"""),"Naidu") -> Naidu | H95: East | I95: 2022 | J95: =IF(OR(H95="North", H95="South"), 10000, 5000) -> 5000 | K95: Pending | L95: 0 | M95: Web | N95: 42 | O95: Data Structure and Algorithms | P95: BE / BTech - CS / IT | Q95: =SUMIFS(J:J, K:K, "Completed", P:P, P95) -> 910000
A96: 64701 | B96: Charvi Naidu | C96: Female | D96: =IF(C96="Male","Mr.","Ms.") -> Ms. | E96: =PROPER(D96&" " &B96) -> Ms. Charvi Naidu | F96: =IFERROR(__xludf.DUMMYFUNCTION("SPLIT(B96,"" "")"),"Charvi") -> Charvi | G96: =IFERROR(__xludf.DUMMYFUNCTION("""COMPUTED_VALUE"""),"Naidu") -> Naidu | H96: North | I96: 2026 | J96: =IF(OR(H96="North", H96="South"), 10000, 5000) -> 10000 | K96: Pending | L96: 0 | M96: Mobile | N96: 34 | O96: Data Structure and Algorithms | P96: Non-Coding, Non Engineering | Q96: =SUMIFS(J:J, K:K, "Completed", P:P, P96) -> 635000
A97: 64702 | B97: Ira Sinha | C97: Female | D97: =IF(C97="Male","Mr.","Ms.") -> Ms. | E97: =PROPER(D97&" " &B97) -> Ms. Ira Sinha | F97: =IFERROR(__xludf.DUMMYFUNCTION("SPLIT(B97,"" "")"),"Ira") -> Ira | G97: =IFERROR(__xludf.DUMMYFUNCTION("""COMPUTED_VALUE"""),"Sinha") -> Sinha | H97: East | I97: 2017 | J97: =IF(OR(H97="North", H97="South"), 10000, 5000) -> 5000 | K97: Pending | L97: 0 | M97: Mobile | N97: =RANDBETWEEN(0,10) -> 3 | O97: Competitive Coding | P97: BE / BTech - CS / IT | Q97: =SUMIFS(J:J, K:K, "Completed", P:P, P97) -> 910000
A98: 64703 | B98: Rishi Verma | C98: Male | D98: =IF(C98="Male","Mr.","Ms.") -> Mr. | E98: =PROPER(D98&" " &B98) -> Mr. Rishi Verma | F98: =IFERROR(__xludf.DUMMYFUNCTION("SPLIT(B98,"" "")"),"Rishi") -> Rishi | G98: =IFERROR(__xludf.DUMMYFUNCTION("""COMPUTED_VALUE"""),"Verma") -> Verma | H98: North | I98: 2023 | J98: =IF(OR(H98="North", H98="South"), 10000, 5000) -> 10000 | K98: Pending | L98: 4935 | M98: Mobile | N98: =RANDBETWEEN(0,10) -> 4 | O98: Competitive Coding | P98: BE / BTech - CS / IT | Q98: =SUMIFS(J:J, K:K, "Completed", P:P, P98) -> 910000
A99: 64704 | B99: Aditya Bhatt | C99: Male | D99: =IF(C99="Male","Mr.","Ms.") -> Mr. | E99: =PROPER(D99&" " &B99) -> Mr. Aditya Bhatt | F99: =IFERROR(__xludf.DUMMYFUNCTION("SPLIT(B99,"" "")"),"Aditya") -> Aditya | G99: =IFERROR(__xludf.DUMMYFUNCTION("""COMPUTED_VALUE"""),"Bhatt") -> Bhatt | H99: North | I99: 2024 | J99: =IF(OR(H99="North", H99="South"), 10000, 5000) -> 10000 | K99: Completed | L99: 3470 | M99: Mobile | N99: 35 | O99: Data Structure and Algorithms | P99: BE / BTech - CS / IT | Q99: =SUMIFS(J:J, K:K, "Completed", P:P, P99) -> 910000
A100: 64705 | B100: Dhanush Verma | C100: Male | D100: =IF(C100="Male","Mr.","Ms.") -> Mr. | E100: =PROPER(D100&" " &B100) -> Mr. Dhanush Verma | F100: =IFERROR(__xludf.DUMMYFUNCTION("SPLIT(B100,"" "")"),"Dhanush") -> Dhanush | G100: =IFERROR(__xludf.DUMMYFUNCTION("""COMPUTED_VALUE"""),"Verma") -> Verma | H100: North | I100: 2025 | J100: =IF(OR(H100="North", H100="South"), 10000, 5000) -> 10000 | K100: Pending | L100: 250 | M100: Mobile | N100: 79 | O100: Data Structure and Algorithms | P100: BCA / MCA | Q100: =SUMIFS(J:J, K:K, "Completed", P:P, P100) -> 400000
...

Sheet Login Issues- VLOOKUP
A1: User ID | B1: Name | C1: Region | D1: Device
A2: 64633 | B2: =VLOOKUP(A2,Data!$A$2:$P$1001, 2, FALSE) -> Laksh Kulkarni | C2: =VLOOKUP(A2,Data!$A$2:$P$1001, 8, FALSE) -> South | D2: =VLOOKUP(A2,Data!$A$2:$P$1001, 13, FALSE) -> Mobile
A3: 64634 | B3: =VLOOKUP(A3,Data!$A$2:$P$1001, 2, FALSE) -> Atharv Singh | C3: =VLOOKUP(A3,Data!$A$2:$P$1001, 8, FALSE) -> North | D3: =VLOOKUP(A3,Data!$A$2:$P$1001, 13, FALSE) -> Mobile
A4: 64972 | B4: =VLOOKUP(A4,Data!$A$2:$P$1001, 2, FALSE) -> Anaya Kumar | C4: =VLOOKUP(A4,Data!$A$2:$P$1001, 8, FALSE) -> East | D4: =VLOOKUP(A4,Data!$A$2:$P$1001, 13, FALSE) -> Mobile
A5: 64805 | B5: =VLOOKUP(A5,Data!$A$2:$P$1001, 2, FALSE) -> Tara Patel | C5: =VLOOKUP(A5,Data!$A$2:$P$1001, 8, FALSE) -> North | D5: =VLOOKUP(A5,Data!$A$2:$P$1001, 13, FALSE) -> Mobile
A6: 64637 | B6: =VLOOKUP(A6,Data!$A$2:$P$1001, 2, FALSE) -> Aarohi Gupta | C6: =VLOOKUP(A6,Data!$A$2:$P$1001, 8, FALSE) -> North | D6: =VLOOKUP(A6,Data!$A$2:$P$1001, 13, FALSE) -> Mobile
A7: 64806 | B7: =VLOOKUP(A7,Data!$A$2:$P$1001, 2, FALSE) -> Eva Verma | C7: =VLOOKUP(A7,Data!$A$2:$P$1001, 8, FALSE) -> East | D7: =VLOOKUP(A7,Data!$A$2:$P$1001, 13, FALSE) -> Mobile
A8: 64970 | B8: =VLOOKUP(A8,Data!$A$2:$P$1001, 2, FALSE) -> Anvi Dutta | C8: =VLOOKUP(A8,Data!$A$2:$P$1001, 8, FALSE) -> South | D8: =VLOOKUP(A8,Data!$A$2:$P$1001, 13, FALSE) -> Mobile
A9: 64971 | B9: =VLOOKUP(A9,Data!$A$2:$P$1001, 2, FALSE) -> Dhanush Sinha | C9: =VLOOKUP(A9,Data!$A$2:$P$1001, 8, FALSE) -> West | D9: =VLOOKUP(A9,Data!$A$2:$P$1001, 13, FALSE) -> Mobile
A10: 65201 | B10: =VLOOKUP(A10,Data!$A$2:$P$1001, 2, FALSE) -> Aaradhya Das | C10: =VLOOKUP(A10,Data!$A$2:$P$1001, 8, FALSE) -> West | D10: =VLOOKUP(A10,Data!$A$2:$P$1001, 13, FALSE) -> Mobile
A11: 65202 | B11: =VLOOKUP(A11,Data!$A$2:$P$1001, 2, FALSE) -> Sara Sharma | C11: =VLOOKUP(A11,Data!$A$2:$P$1001, 8, FALSE) -> West | D11: =VLOOKUP(A11,Data!$A$2:$P$1001, 13, FALSE) -> Mobile

Sheet region has highest number of lo

Sheet Average Total Points
A8: {=INDEX(A3:A6, MATCH(MIN(B3:B6), B3:B6, 0))} -> South | B8: =MIN(B3:B6) -> 4207.0656

Sheet Which region has the lowest use
A8: {=INDEX(A2:A5,MATCH(MIN(B2:B5),B2:B5, 0))} -> West | B8: =MIN(B2:B5) -> 192

Sheet Highest Average Streak Count
A7: {=INDEX(A2:A5, MATCH(MAX(B2:B5), B2:B5, 0))} -> East | B7: =MAX(B2:B5) -> 33.468293

Sheet degree category made the lowest
A1: DegreeCategories - DegreeCategoryId → Name | B1: COUNTA of Payment Status
A2: BCA / MCA | B2: 50
A3: BE / BTech - CS / IT | B3: 114
A4: BE / BTech - Non CS / IT | B4: 56
A5: Diploma | B5: 31
A6: Non-Coding, Non Engineering | B6: 76
A7: Grand Total | B7: 327
B8: {=INDEX(A2:A6, MATCH(MIN(B2:B6), B2:B6, 0))} -> Diploma
B9: {=XLOOKUP(MIN(B2:B6), B2:B6, A2:A6)} -> Diploma

Sheet Detail1-Diploma
A1: ID | B1: Names | C1: Gender | D1: Salutation | E1: Proper Name | F1: First Name | G1: Last Name | H1: Region | I1: PassingYear | J1: Price | K1: Payment Status | L1: TotalPoints | M1: Signup Device | N1: Streak | O1: Course Name | P1: DegreeCategories - DegreeCategoryId → Name
A2: 64645 | B2: Mahira Gupta | C2: Female | F2: Mahira | G2: Gupta | H2: North | I2: 2024 | J2: 10000 | K2: Completed | L2: 3622 | M2: Mobile | N2: 8 | O2: Competitive Coding | P2: Diploma
A3: 64741 | B3: Sara Nair | C3: Female | F3: Sara | G3: Nair | H3: East | I3: 2026 | J3: 5000 | K3: Completed | L3: 21084 | M3: Web | N3: 54 | O3: Data Structure and Algorithms | P3: Diploma
A4: 64797 | B4: Avni Bhatt | C4: Female | F4: Avni | G4: Bhatt | H4: North | I4: 2028 | J4: 10000 | K4: Completed | L4: 23905 | M4: Mobile | N4: 51 | O4: Data Structure and Algorithms | P4: Diploma
A5: 64851 | B5: Mishka Singh | C5: Female | F5: Mishka | G5: Singh | H5: South | I5: 2024 | J5: 10000 | K5: Completed | L5: 13137 | M5: Mobile | N5: 55 | O5: Data Structure and Algorithms | P5: Diploma
A6: 64879 | B6: Samarth Kulkarni | C6: Male | F6: Samarth | G6: Kulkarni | H6: South | I6: 2024 | J6: 10000 | K6: Completed | L6: 18887 | M6: Mobile | N6: 65 | O6: Competitive Coding | P6: Diploma
A7: 64905 | B7: Shaurya Singh | C7: Male | F7: Shaurya | G7: Singh | H7: East | I7: 2020 | J7: 5000 | K7: Completed | L7: 2731 | M7: Mobile | N7: 49 | O7: Data Structure and Algorithms | P7: Diploma
A8: 65052 | B8: Kian Chopra | C8: Male | F8: Kian | G8: Chopra | H8: West | I8: 2018 | J8: 5000 | K8: Completed | L8: 14088 | M8: Web | N8: 4 | O8: Competitive Coding | P8: Diploma
A9: 65073 | B9: Prisha Kumar | C9: Female | F9: Prisha | G9: Kumar | H9: South | I9: 2026 | J9: 10000 | K9: Completed | L9: 3733 | M9: Mobile | N9: 22 | O9: Data Structure and Algorithms | P9: Diploma
A10: 65091 | B10: Sai Pillai | C10: Male | F10: Sai | G10: Pillai | H10: North | I10: 2027 | J10: 10000 | K10: Completed | L10: 9611 | M10: Mobile | N10: 4 | O10: Data Structure and Algorithms | P10: Diploma
A11: 65120 | B11: Kabir Patel | C11: Male | F11: Kabir | G11: Patel | H11: North | I11: 2012 | J11: 10000 | K11: Completed | L11: 6129 | M11: Web | N11: 37 | O11: Data Structure and Algorithms | P11: Diploma
A12: 65121 | B12: Riddhi Prasad | C12: Female | F12: Riddhi | G12: Prasad | H12: North | I12: 2023 | J12: 10000 | K12: Completed | L12: 4436 | M12: Mobile | N12: 0 | O12: Data Structure and Algorithms | P12: Diploma
A13: 65125 | B13: Arnav Sharma | C13: Male | F13: Arnav | G13: Sharma | H13: North | I13: 2024 | J13: 10000 | K13: Completed | L13: 15694 | M13: Mobile | N13: 44 | O13: Competitive Coding | P13: Diploma
... A32: 65768 | B32: Saanvi Thakur | C32: Female | F32: Saanvi | G32: Thakur | H32: West | I32: 2023 | J32: 5000 | K32: Completed | L32: 3003 | M32: Mobile | N32: 44 | O32: Competitive Coding | P32: Diploma
