Workbook

Sheet Employees
A1: Department | B1: Employee ID | C1: First Name | D1: Last Name | E1: Location
A2: Marketing | B2: E001 | C2: John | D2: Doe | E2: New York
A3: Sales | B3: E002 | C3: Jane | D3: Smith | E3: Los Angeles
A4: HR | B4: E003 | C4: Sarah | D4: Connor | E4: San Francisco
A5: IT | B5: E004 | C5: Mike | D5: Jordan | E5: Chicago
A6: Finance | B6: E005 | C6: Emily | D6: Clarke | E6: Boston
A7: Marketing | B7: E006 | C7: Paul | D7: Allen | E7: New York
A8: Sales | B8: E007 | C8: Linda | D8: Lee | E8: Los Angeles
A9: IT | B9: E008 | C9: Steve | D9: Rogers | E9: Chicago
A10: HR | B10: E009 | C10: Natasha | D10: Romanoff | E10: San Francisco
A11: Marketing | B11: E010 | C11: Peter | D11: Parker | E11: New York
A12: Finance | B12: E011 | C12: Tony | D12: Stark | E12: Boston
... A26: Marketing | B26: E025 | C26: Sam | D26: Wilson | E26: New York

Sheet Sales
A1: Employee ID | B1: Q1 Sales | C1: Q2 Sales | D1: Q3 Sales | E1: Q4 Sales | F1: First Name | G1: Last Name
A2: E006 | B2: 5000 | C2: 6500 | D2: 7200 | E2: 5500 | F2: =VLOOKUP(A2,Employees!$B$1:$E$26,2, FALSE) -> Paul | G2: =VLOOKUP(A2,Employees!$B$1:$E$26,3,FALSE) -> Allen
A3: E021 | B3: 8300 | C3: 9200 | D3: 8000 | E3: 7700 | F3: =VLOOKUP(A3,Employees!$B$1:$E$26,2, FALSE) -> Scott | G3: =VLOOKUP(A3,Employees!$B$1:$E$26,3,FALSE) -> Lang
A4: E016 | B4: 4500 | C4: 4800 | D4: 5000 | E4: 4700 | F4: =VLOOKUP(A4,Employees!$B$1:$E$26,2, FALSE) -> Diana | G4: =VLOOKUP(A4,Employees!$B$1:$E$26,3,FALSE) -> Prince
A5: E011 | B5: 10000 | C5: 11500 | D5: 12300 | E5: 10800 | F5: =VLOOKUP(A5,Employees!$B$1:$E$26,2, FALSE) -> Tony | G5: =VLOOKUP(A5,Employees!$B$1:$E$26,3,FALSE) -> Stark
A6: E001 | B6: 6200 | C6: 5900 | D6: 6800 | E6: 6400 | F6: =VLOOKUP(A6,Employees!$B$1:$E$26,2, FALSE) -> John | G6: =VLOOKUP(A6,Employees!$B$1:$E$26,3,FALSE) -> Doe
A7: E017 | B7: 7200 | C7: 7300 | D7: 7500 | E7: 7600 | F7: =VLOOKUP(A7,Employees!$B$1:$E$26,2, FALSE) -> Clark | G7: =VLOOKUP(A7,Employees!$B$1:$E$26,3,FALSE) -> Kent
A8: E020 | B8: 5500 | C8: 5700 | D8: 6200 | E8: 5900 | F8: =VLOOKUP(A8,Employees!$B$1:$E$26,2, FALSE) -> Carol | G8: =VLOOKUP(A8,Employees!$B$1:$E$26,3,FALSE) -> Danvers
A9: E018 | B9: 9100 | C9: 9600 | D9: 10300 | E9: 9800 | F9: =VLOOKUP(A9,Employees!$B$1:$E$26,2, FALSE) -> Barry | G9: =VLOOKUP(A9,Employees!$B$1:$E$26,3,FALSE) -> Allen
A10: E002 | B10: 6800 | C10: 6400 | D10: 7000 | E10: 7200 | F10: =VLOOKUP(A10,Employees!$B$1:$E$26,2, FALSE) -> Jane | G10: =VLOOKUP(A10,Employees!$B$1:$E$26,3,FALSE) -> Smith
A11: E008 | B11: 5400 | C11: 6100 | D11: 5900 | E11: 5600 | F11: =VLOOKUP(A11,Employees!$B$1:$E$26,2, FALSE) -> Steve | G11: =VLOOKUP(A11,Employees!$B$1:$E$26,3,FALSE) -> Rogers
A12: E013 | B12: 8700 | C12: 9200 | D12: 9400 | E12: 8800 | F12: =VLOOKUP(A12,Employees!$B$1:$E$26,2, FALSE) -> Wanda | G12: =VLOOKUP(A12,Employees!$B$1:$E$26,3,FALSE) -> Maximoff
A13: E012 | B13: 11300 | C13: 12000 | D13: 11500 | E13: 11800 | F13: =VLOOKUP(A13,Employees!$B$1:$E$26,2, FALSE) -> Bruce | G13: =VLOOKUP(A13,Employees!$B$1:$E$26,3,FALSE) -> Banner
... A25: E022 | B25: 10500 | C25: 11000 | D25: 10800 | E25: 11200 | F25: =VLOOKUP(A25,Employees!$B$1:$E$26,2, FALSE) -> Stephen | G25: =VLOOKUP(A25,Employees!$B$1:$E$26,3,FALSE) -> Strange

Sheet Customer
A1: Segment | B1: Customer ID | C1: First Name | D1: Last Name | E1: Location
A2: Retail | B2: C001 | C2: Olivia | D2: Brown | E2: New York
A3: Corporate | B3: C002 | C3: Liam | D3: Johnson | E3: Los Angeles
A4: Wholesale | B4: C003 | C4: Emma | D4: Davis | E4: San Francisco
A5: Retail | B5: C004 | C5: Noah | D5: Wilson | E5: Chicago
A6: Corporate | B6: C005 | C6: Ava | D6: Martinez | E6: Boston
A7: Retail | B7: C006 | C7: Ethan | D7: Taylor | E7: New York
C9: =HLOOKUP("First Name", 1:7, 4, FALSE) -> Emma
